table,before_rows,before_code_refs,now_status,now_rows,note
builders,2,3,DROPPED,0,
companies,1,0,DROPPED,0,
addresses,5,0,DROPPED,0,
user_addresses,2,0,DROPPED,0,
bank_branches,30,3,DROPPED,0,
accounting_settings,3,0,DROPPED,0,
kyc_verification,3,3,DROPPED,0,
user_social_accounts,3,0,DROPPED,0,
accounting_payments,1,0,DROPPED,0,
contacts,8,4,DROPPED,0,
email_verifications,3,0,DROPPED,0,
contact_requests,2,0,DROPPED,0,
plot_master,77,2,DROPPED,0,
property_performance,72,0,DROPPED,0,
property_summary,72,0,DROPPED,0,
plot_categories,16,1,DROPPED,0,
property_feature_map,9,0,DROPPED,0,
company_property_levels,7,1,DROPPED,0,
property_feature_mappings,7,0,DROPPED,0,
plot_status_history,5,2,DROPPED,0,
property_bookings,5,0,DROPPED,0,
property_features,5,1,DROPPED,0,
property_valuations,5,6,DROPPED,0,
property_amenities,4,2,DROPPED,0,
plot_cuttings,3,0,DROPPED,0,
plot_emi_schedule,3,2,DROPPED,0,
plot_images,3,1,DROPPED,0,
plot_rate_calculations,3,0,DROPPED,0,
property_ai_tags,3,0,DROPPED,0,
property_analytics,3,6,DROPPED,0,
property_comparisons,3,5,DROPPED,0,
property_development_costs,3,3,DROPPED,0,
property_documents,3,7,DROPPED,0,
property_market_data,3,4,DROPPED,0,
property_ratings,3,8,DROPPED,0,
property_sales,3,4,DROPPED,0,
property_submissions,3,4,DROPPED,0,
user_property_preferences,3,2,DROPPED,0,
property_performance_metrics,2,0,DROPPED,0,
property_portfolios,2,1,DROPPED,0,
plot_payments,1,3,DROPPED,0,
plotting_budgets,1,0,DROPPED,0,
property_comparison_sessions,1,8,DROPPED,0,
property_similarity,1,1,DROPPED,0,
resell_commission_structure,1,1,DROPPED,0,
resell_properties,1,1,DROPPED,0,
resell_property_images,1,0,DROPPED,0,
visitor_page_views,10246,1,DROPPED,0,
visit_reminders,9,2,DROPPED,0,
booking_emis,3,2,DROPPED,0,
booking_logs,3,0,DROPPED,0,
site_visit_requests,3,1,DROPPED,0,
visitor_leads,2,2,DROPPED,0,
visitor_sessions,1,7,DROPPED,0,
payment_settings,22,2,DROPPED,0,
wallet_configuration,17,3,DROPPED,0,
payment_history,4,3,DROPPED,0,
points_transactions,4,1,DROPPED,0,
hr_reminders,3,1,DROPPED,0,
loan_emi_schedule,3,0,DROPPED,0,
mlm_transactions,3,1,DROPPED,0,
payment_orders,3,5,DROPPED,0,
payment_receipts,3,0,DROPPED,0,
recurring_transactions,3,0,DROPPED,0,
tax_reminders,3,6,DROPPED,0,
payment_notifications,2,1,DROPPED,0,
payment_plans,2,4,DROPPED,0,
builder_payments,1,0,DROPPED,0,
commission_transactions,1,2,DROPPED,0,
emi_calculator_history,1,2,DROPPED,0,
global_payments,1,0,DROPPED,0,
interaction_reminders,1,1,DROPPED,0,
invoice_payments,1,7,DROPPED,0,
payment_gateway_config,1,0,DROPPED,0,
payment_gateway_logs,1,0,DROPPED,0,
payment_summary,1,0,DROPPED,0,
rent_payments,1,0,DROPPED,0,
user_payment_methods,1,1,DROPPED,0,
purchase_invoice_items,5,0,DROPPED,0,
purchase_invoices,4,1,DROPPED,0,
budget_expenses,3,0,DROPPED,0,
sales_invoice_items,3,0,DROPPED,0,
sales_invoices,3,0,DROPPED,0,
invoice_templates,2,2,DROPPED,0,
lead_assignment_history,30,0,DROPPED,0,
lead_files,30,1,DROPPED,0,
lead_scoring_history,10,3,DROPPED,0,
lead_scoring_rules,10,3,DROPPED,0,
lead_events,5,3,DROPPED,0,
lead_status_history,5,2,DROPPED,0,
leaderboard_entries,5,0,DROPPED,0,
leaderboards,4,1,DROPPED,0,
lead_assignments,3,0,DROPPED,0,
lead_export_logs,3,0,DROPPED,0,
lead_scoring_models,3,0,DROPPED,0,
lead_custom_fields,2,7,DROPPED,0,
lead_tag_mapping,2,3,DROPPED,0,
lead_assignment_approvals,1,4,DROPPED,0,
lead_custom_field_values,1,2,DROPPED,0,
lead_file_extractions,1,1,DROPPED,0,
deal_history,6,5,DROPPED,0,
deal_activities,5,3,DROPPED,0,
pipeline_activities,5,1,DROPPED,0,
pipeline_analytics,3,2,DROPPED,0,
pipeline_filters,3,1,DROPPED,0,
pipeline_movement_history,1,4,DROPPED,0,
commission_preferences,36,2,DROPPED,0,
agent_commission_rates,21,4,DROPPED,0,
commission_calculation_rules,10,5,DROPPED,0,
associate_commission_calculations,6,3,DROPPED,0,
revenue_commission_daily,6,5,DROPPED,0,
associate_commission_structure,5,4,DROPPED,0,
salary_payouts,5,5,DROPPED,0,
telecaller_commissions,5,5,DROPPED,0,
telecaller_commission_rules,4,7,DROPPED,0,
farmer_commission_structures,3,1,DROPPED,0,
farmer_commissions,3,4,DROPPED,0,
hybrid_commission_records,3,4,DROPPED,0,
mlm_commission_agreements,3,5,DROPPED,0,
resale_commissions,3,0,DROPPED,0,
traditional_commissions,3,1,DROPPED,0,
commission_rules,1,1,DROPPED,0,
hybrid_commission_plans,1,1,DROPPED,0,
mlm_rank_rates,7,2,DROPPED,0,
mlm_settings,6,2,DROPPED,0,
mlm_import_audit,3,1,DROPPED,0,
referral_rewards,1,3,DROPPED,0,
sponsor_running_no,1,0,DROPPED,0,
mlm_earnings,0,1,DROPPED,0,
mlm_notification_log,0,1,DROPPED,0,
mlm_points,0,2,DROPPED,0,
mlm_referrals,0,8,DROPPED,0,
reward_history,5,1,DROPPED,0,
rank_achievements,4,1,DROPPED,0,
gamification_points,1,2,DROPPED,0,
partner_rewards,1,0,DROPPED,0,
user_points,1,8,DROPPED,0,
notification_templates,64,3,DROPPED,0,
notification_settings,31,2,DROPPED,0,
notification_feed,17,12,DROPPED,0,
notification_campaigns,3,1,DROPPED,0,
realtime_notifications,3,0,DROPPED,0,
user_notification_preferences,3,5,DROPPED,0,
whatsapp_campaigns,2,5,DROPPED,0,
push_notifications,1,0,DROPPED,0,
push_subscriptions,1,6,DROPPED,0,
whatsapp_automation_config,1,0,DROPPED,0,
whatsapp_lead_shares,1,0,DROPPED,0,
ai_tools_directory,1000,3,DROPPED,0,
ai_workflows,701,4,DROPPED,0,
ai_audit_log,203,1,DROPPED,0,
ai_api_logs,133,8,DROPPED,0,
ai_implementation_guides,100,2,DROPPED,0,
ai_user_suggestions,99,2,DROPPED,0,
ai_ecosystem_tools,82,2,DROPPED,0,
ai_agent_logs,31,5,DROPPED,0,
ai_knowledge_graph,15,3,DROPPED,0,
ai_recommendations_test,14,0,DROPPED,0,
ai_configuration,8,0,DROPPED,0,
ai_context_memory,5,3,DROPPED,0,
ai_call_logs,3,3,DROPPED,0,
ai_call_scripts,3,8,DROPPED,0,
ai_lead_scores,3,5,DROPPED,0,
ai_recommendations,3,2,DROPPED,0,
ai_jobs,1,6,DROPPED,0,
ai_learning_progress,1,2,DROPPED,0,
ai_user_interactions,1,4,DROPPED,0,
ai_user_preferences,1,5,DROPPED,0,
telecaller_daily_tasks,3,4,DROPPED,0,
telecaller_performance,3,4,DROPPED,0,
company_employees,3,1,DROPPED,0,
department_assignments,1,1,DROPPED,0,
department_budgets,1,5,DROPPED,0,
attendance_settings,11,0,DROPPED,0,
salary_plans,5,3,DROPPED,0,
salary_contracts,4,5,DROPPED,0,
salary_history,4,3,DROPPED,0,
salary_records,4,3,DROPPED,0,
employee_payrolls,3,2,DROPPED,0,
payroll_entries,3,3,DROPPED,0,
shift_schedules,3,5,DROPPED,0,
salary_structures,1,12,DROPPED,0,
popups,9,1,DROPPED,0,
campaign_deliveries,8,5,DROPPED,0,
campaign_members,3,2,DROPPED,0,
marketing_analytics,3,4,DROPPED,0,
marketing_automations,3,1,DROPPED,0,
marketing_strategies,3,6,DROPPED,0,
marketing_campaigns,1,8,DROPPED,0,
popup_dismissals,1,1,DROPPED,0,
analytics_page_views,35,7,DROPPED,0,
blog_categories,5,0,DROPPED,0,
blogs,5,0,DROPPED,0,
faq_categories,5,0,DROPPED,0,
feedback,5,2,DROPPED,0,
site_content,5,0,DROPPED,0,
agent_reviews,4,2,DROPPED,0,
newsletter_schedules,4,2,DROPPED,0,
document_reviews,3,3,DROPPED,0,
feedback_tickets,3,2,DROPPED,0,
performance_feedback,3,1,DROPPED,0,
content_backups,1,0,DROPPED,0,
content_translations,1,0,DROPPED,0,
knowledge_base,1,7,DROPPED,0,
page_templates,1,0,DROPPED,0,
image_categories,5,0,DROPPED,0,
project_gallery,3,0,DROPPED,0,
social_media_links,3,0,DROPPED,0,
gallery_images,1,5,DROPPED,0,
ticket_replies,5,0,DROPPED,0,
farmer_support_requests,3,6,DROPPED,0,
support_ticket_replies,3,4,DROPPED,0,
support_ticket_responses,3,2,DROPPED,0,
pincodes,10007,2,DROPPED,0,
project_images,4,1,DROPPED,0,
project_enquiries,3,0,DROPPED,0,
farmer_activities,3,3,DROPPED,0,
farmer_documents,3,5,DROPPED,0,
land_management_activities,3,2,DROPPED,0,
land_projects,2,2,DROPPED,0,
acquisition_stakeholders,1,2,DROPPED,0,
acquisition_timeline,1,1,DROPPED,0,
farmers_legacy,1,2,DROPPED,0,
kisaan_land_management,1,6,DROPPED,0,
error_logs,14,3,DROPPED,0,
mcp_logs,12,0,DROPPED,0,
api_logs,10,0,DROPPED,0,
performance_logs,5,5,DROPPED,0,
registry_activity_log,5,4,DROPPED,0,
user_activity_logs,5,3,DROPPED,0,
user_browsing_history,5,7,DROPPED,0,
user_search_history,4,0,DROPPED,0,
communication_logs,3,0,DROPPED,0,
integration_activity_logs,3,0,DROPPED,0,
integration_logs,3,1,DROPPED,0,
inventory_log,3,0,DROPPED,0,
security_audit_log,3,3,DROPPED,0,
security_blacklist,3,0,DROPPED,0,
security_rate_limits,3,0,DROPPED,0,
api_request_logs,1,1,DROPPED,0,
audit_log_archive,1,1,DROPPED,0,
audit_schedules,1,1,DROPPED,0,
daily_activity_tracker,1,0,DROPPED,0,
data_change_log,1,0,DROPPED,0,
file_access_logs,1,2,DROPPED,0,
financial_integration_log,1,0,DROPPED,0,
foreclosure_logs,1,4,DROPPED,0,
mcp_config_history,1,0,DROPPED,0,
plan_status_history,1,1,DROPPED,0,
quick_actions_log,1,0,DROPPED,0,
security_sessions,1,0,DROPPED,0,
sync_log,1,0,DROPPED,0,
system_health_logs,1,0,DROPPED,0,
upload_audit_log,1,0,DROPPED,0,
user_behavior_tracking,1,0,DROPPED,0,
mobile_app_analytics,10,0,DROPPED,0,
admin_dashboard_stats,9,0,DROPPED,0,
daily_metrics_summary,6,0,DROPPED,0,
analytics_user_behavior,5,1,DROPPED,0,
performance_analytics,5,0,DROPPED,0,
user_analytics,4,0,DROPPED,0,
user_behavior_analytics,4,0,DROPPED,0,
analytics_reports,3,0,DROPPED,0,
forecast_results,3,1,DROPPED,0,
market_analytics_summary,3,0,DROPPED,0,
system_metrics,3,5,DROPPED,0,
analytics_dashboards,2,0,DROPPED,0,
system_status,2,0,DROPPED,0,
analytics_alerts,1,1,DROPPED,0,
analytics_conversions,1,3,DROPPED,0,
analytics_performance,1,0,DROPPED,0,
analytics_summary,1,0,DROPPED,0,
api_analytics,1,0,DROPPED,0,
comparison_analytics,1,2,DROPPED,0,
conversion_analytics,1,0,DROPPED,0,
load_test_metrics,1,0,DROPPED,0,
portfolio_analytics,1,3,DROPPED,0,
system_analytics_metrics,1,1,DROPPED,0,
traffic_stats,1,0,DROPPED,0,
training_analytics,1,0,DROPPED,0,
app_config,44,0,DROPPED,0,
mcp_server_configs,12,0,DROPPED,0,
recommendation_settings,11,0,DROPPED,0,
system_settings,10,1,DROPPED,0,
email_config,9,1,DROPPED,0,
dashboard_widgets_config,7,0,DROPPED,0,
sms_config,6,0,DROPPED,0,
api_configs,5,0,DROPPED,0,
company_projects,2,0,DROPPED,0,
user_dashboard_configs,2,1,DROPPED,0,
company_settings,1,5,DROPPED,0,
gst_settings,1,1,DROPPED,0,
integration_settings,1,0,DROPPED,0,
layout_settings,1,2,DROPPED,0,
mobile_app_settings,1,0,DROPPED,0,
api_tokens,3,8,DROPPED,0,
api_developers,2,4,DROPPED,0,
api_integrations,1,2,DROPPED,0,
integrations,1,0,DROPPED,0,
third_party_integrations,1,1,DROPPED,0,
webhook_events,1,0,DROPPED,0,
webhooks,1,0,DROPPED,0,
possession_checklist,7,5,DROPPED,0,
two_factor_tokens,3,4,DROPPED,0,
mobile_app_tokens,1,0,DROPPED,0,
remember_tokens,1,5,DROPPED,0,
user_sessions,1,6,DROPPED,0,
role_menus,370,0,DROPPED,0,
user_role_permissions,29,0,DROPPED,0,
role_permissions,23,2,DROPPED,0,
permissions,13,3,DROPPED,0,
user_permissions,6,0,DROPPED,0,
admin_user_menu_permissions,5,5,DROPPED,0,
role_change_approvals,2,0,DROPPED,0,
file_tag_relations,5,3,DROPPED,0,
file_tags,5,3,DROPPED,0,
file_uploads,4,0,DROPPED,0,
business_documents,3,2,DROPPED,0,
customer_documents,3,4,DROPPED,0,
document_classification,3,3,DROPPED,0,
employee_documents,3,9,DROPPED,0,
legal_document_templates,3,1,DROPPED,0,
user_documents,3,3,DROPPED,0,
file_shares,2,1,DROPPED,0,
file_versions,2,4,DROPPED,0,
message_attachments,1,2,DROPPED,0,
workflow_executions,65,2,DROPPED,0,
compliance_tasks,5,6,DROPPED,0,
employee_tasks,5,1,DROPPED,0,
task_queue,4,2,DROPPED,0,
task_executions,3,0,DROPPED,0,
workflow_actions,3,1,DROPPED,0,
workflow_automations,1,0,DROPPED,0,
gamification_badges,6,3,DROPPED,0,
achievements,3,1,DROPPED,0,
challenge_participants,1,5,DROPPED,0,
gamification_challenges,1,4,DROPPED,0,
user_achievements,1,1,DROPPED,0,
personalized_learning_plans,24,0,DROPPED,0,
training_modules,8,7,DROPPED,0,
module_progress,4,6,DROPPED,0,
training_certificates,3,4,DROPPED,0,
chatbot_training_data,1,3,DROPPED,0,
course_modules,1,5,DROPPED,0,
learning_paths,1,0,DROPPED,0,
training_lessons,1,6,DROPPED,0,
training_quiz_results,1,0,DROPPED,0,
training_quizzes,1,5,DROPPED,0,
career_applications,1,8,DROPPED,0,
sync_queue,666,2,DROPPED,0,
work_schedules,3,7,DROPPED,0,
sync_mappings,1,0,DROPPED,0,
sync_queue_summary,1,0,DROPPED,0,
employee_reporting,4,0,DROPPED,0,
defect_reports,3,6,DROPPED,0,
performance_reports,3,0,DROPPED,0,
portfolio_reports,3,0,DROPPED,0,
reports,3,2,DROPPED,0,
crash_reports,2,0,DROPPED,0,
admin_reports,1,0,DROPPED,0,
report_executions,1,0,DROPPED,0,
system_activities,91,1,DROPPED,0,
user_summary,56,0,DROPPED,0,
users_backup_20260320,38,0,DROPPED,0,
comparison_criteria,20,3,DROPPED,0,
schema_migrations,20,0,DROPPED,0,
languages,15,0,DROPPED,0,
multi_language_translations,15,0,DROPPED,0,
pages,14,5,DROPPED,0,
mcp_servers,12,0,DROPPED,0,
sales_data,12,3,DROPPED,0,
dashboard_widgets,7,1,DROPPED,0,
installments,6,0,DROPPED,0,
scoring_thresholds,6,3,DROPPED,0,
services,6,0,DROPPED,0,
budget_items,5,6,DROPPED,0,
customer_wishlist,5,3,DROPPED,0,
employee_activities,5,5,DROPPED,0,
funding_investors,5,0,DROPPED,0,
gata_master,5,2,DROPPED,0,
hsn_sac_codes,5,3,DROPPED,0,
journal_entry_details,5,0,DROPPED,0,
legal_services,5,2,DROPPED,0,
message_templates,5,3,DROPPED,0,
visual_test_suites,5,0,DROPPED,0,
business_overview,4,0,DROPPED,0,
calling_scripts,4,5,DROPPED,0,
downloads,4,1,DROPPED,0,
progressive_registrations,4,8,DROPPED,0,
retained_earnings,4,3,DROPPED,0,
salaries,4,0,DROPPED,0,
suppliers,4,1,DROPPED,0,
tax_slabs,4,1,DROPPED,0,
todays_highlights,4,0,DROPPED,0,
withdrawal_requests,4,1,DROPPED,0,
budget_planning,3,0,DROPPED,0,
budgets,3,3,DROPPED,0,
cash_flow_projections,3,0,DROPPED,0,
communication_interactions,3,2,DROPPED,0,
communications,3,0,DROPPED,0,
customer_alerts,3,4,DROPPED,0,
customer_inquiries,3,2,DROPPED,0,
employee_advances,3,0,DROPPED,0,
employee_bonuses,3,4,DROPPED,0,
follow_ups,3,3,DROPPED,0,
gst_returns,3,2,DROPPED,0,
investment_plans,3,5,DROPPED,0,
investor_details,3,0,DROPPED,0,
legal_activities,3,2,DROPPED,0,
legal_deadlines,3,3,DROPPED,0,
legal_disputes,3,8,DROPPED,0,
loans,3,0,DROPPED,0,
market_trends,3,0,DROPPED,0,
mobile_app_keys,3,0,DROPPED,0,
mortgage_inquiries,3,0,DROPPED,0,
ocr_templates,3,1,DROPPED,0,
performance_benchmarks,3,0,DROPPED,0,
performance_goals,3,4,DROPPED,0,
rera_requests,3,7,DROPPED,0,
revenue_summary,3,0,DROPPED,0,
saved_properties,3,1,DROPPED,0,
sms_templates,3,1,DROPPED,0,
system_alerts,3,5,DROPPED,0,
tax_types,3,3,DROPPED,0,
tour_templates,3,0,DROPPED,0,
construction_projects,2,3,DROPPED,0,
customer_behavior_analysis,2,3,DROPPED,0,
customer_journeys,2,3,DROPPED,0,
customers_ledger,2,1,DROPPED,0,
dynamic_footers,2,0,DROPPED,0,
dynamic_headers,2,0,DROPPED,0,
mobile_users,2,0,DROPPED,0,
sales_funnel,2,0,DROPPED,0,
seo_metadata,2,4,DROPPED,0,
special_offers,2,0,DROPPED,0,
user_preferences,2,8,DROPPED,0,
about,1,0,DROPPED,0,
agent_details_backup_20260531,1,0,DROPPED,0,
alert_triggers,1,0,DROPPED,0,
app_store,1,0,DROPPED,0,
ar_vr_tours,1,0,DROPPED,0,
area_amenities,1,0,DROPPED,0,
automated_triggers,1,2,DROPPED,0,
automation_triggers,1,0,DROPPED,0,
builder_details,1,0,DROPPED,0,
chatbot_fallback,1,0,DROPPED,0,
components,1,0,DROPPED,0,
crm_leads,1,0,DROPPED,0,
custom_features,1,0,DROPPED,0,
customer_summary,1,0,DROPPED,0,
data_stream_events,1,0,DROPPED,0,
heatmap_data,1,0,DROPPED,0,
images,1,0,DROPPED,0,
import_jobs,1,0,DROPPED,0,
incomplete_registrations,1,2,DROPPED,0,
interaction_routing,1,1,DROPPED,0,
iot_device_events,1,0,DROPPED,0,
iot_devices,1,6,DROPPED,0,
jwt_blacklist,1,0,DROPPED,0,
kissan_master,1,0,DROPPED,0,
layout_templates,1,0,DROPPED,0,
marketplace_apps,1,2,DROPPED,0,
mcp_data,1,0,DROPPED,0,
message_reactions,1,4,DROPPED,0,
migration_errors,1,0,DROPPED,0,
mobile_devices,1,4,DROPPED,0,
ocr_extracted_fields,1,4,DROPPED,0,
ocr_processing_queue,1,0,DROPPED,0,
partner_certification,1,0,DROPPED,0,
portfolio_goals,1,3,DROPPED,0,
predictive_models,1,1,DROPPED,0,
quick_replies,1,3,DROPPED,0,
quiz_questions,1,1,DROPPED,0,
recommendation_cache,1,2,DROPPED,0,
regional_performance,1,7,DROPPED,0,
saas_instances,1,0,DROPPED,0,
saved_comparisons,1,2,DROPPED,0,
seasonality_patterns,1,0,DROPPED,0,
smart_contracts,1,0,DROPPED,0,
system_health,1,0,DROPPED,0,
typing_indicators,1,6,DROPPED,0,
user_ai_profiles,1,2,DROPPED,0,
user_engagement,1,0,DROPPED,0,
user_similarity,1,1,DROPPED,0,
virtual_tour_assets,1,0,DROPPED,0,
websocket_channels,1,0,DROPPED,0,
users,56,1248,SURVIVED,56,
agents,2,0,SURVIVED,2,survived-0refs
banks,23,5,SURVIVED,23,
chart_of_accounts,9,16,SURVIVED,9,
bank_accounts,4,1,SURVIVED,4,survived-lowrefs
social_accounts,3,5,SURVIVED,3,
user_bank_accounts,3,8,SURVIVED,3,
inventory_plots,417,8,SURVIVED,417,
plots,194,146,SURVIVED,194,
property_images,34,66,SURVIVED,34,
user_properties,7,59,SURVIVED,7,
property_categories,5,7,SURVIVED,5,
property_favorites,5,16,SURVIVED,5,
property_types,5,44,SURVIVED,5,
property_views,5,31,SURVIVED,5,
plot_allocations,3,7,SURVIVED,3,
plot_bookings,3,9,SURVIVED,3,
plot_development,3,12,SURVIVED,3,
plot_development_costs,3,10,SURVIVED,3,
property_inquiries,3,14,SURVIVED,3,
property_maintenance,3,9,SURVIVED,3,
property_reviews,3,30,SURVIVED,3,
property_allocations,1,20,SURVIVED,1,
property_visits,1,9,SURVIVED,1,
lead_visits,26,5,SURVIVED,26,
bookings,18,203,SURVIVED,18,
visits,8,15,SURVIVED,8,
booking_payments,3,28,SURVIVED,3,
land_allocations,3,10,SURVIVED,3,
site_visits,3,17,SURVIVED,3,
wallet_points,42,42,SURVIVED,42,
loyalty_transactions,6,5,SURVIVED,6,
emi_installments,5,19,SURVIVED,5,
emi_schedule,5,8,SURVIVED,5,
transactions,5,26,SURVIVED,5,
emi_plans,3,33,SURVIVED,3,
farmer_transactions,3,9,SURVIVED,3,
financial_transactions,3,11,SURVIVED,3,
payments,3,79,SURVIVED,3,
salary_payments,3,12,SURVIVED,3,
user_wallets,3,8,SURVIVED,3,
emi_payments,1,9,SURVIVED,1,
payment_transactions,1,20,SURVIVED,1,
wallet_transactions,1,8,SURVIVED,1,
expenses,9,10,SURVIVED,9,
invoices,8,43,SURVIVED,8,
invoice_items,4,6,SURVIVED,4,
leads,203,321,SURVIVED,248,
lead_activities,102,25,SURVIVED,102,
lead_engagement_metrics,39,6,SURVIVED,39,
lead_tags,34,6,SURVIVED,34,
lead_notes,30,5,SURVIVED,30,
lead_sources,11,14,SURVIVED,11,
lead_pipeline,10,11,SURVIVED,10,
lead_scores,10,10,SURVIVED,10,
lead_statuses,9,9,SURVIVED,9,
lead_deals,4,8,SURVIVED,4,
lead_scoring,3,21,SURVIVED,3,
pipeline_stages,7,7,SURVIVED,7,
sales_pipeline_stages,7,7,SURVIVED,7,
deals,3,44,SURVIVED,3,
mlm_commission_ledger,84,71,SURVIVED,84,
commissions,9,60,SURVIVED,9,
mlm_commissions,8,15,SURVIVED,8,
mlm_commission_levels,7,4,SURVIVED,7,survived-lowrefs
mlm_commission_plans,5,10,SURVIVED,5,
mlm_payouts,5,6,SURVIVED,5,
payouts,5,3,SURVIVED,5,survived-lowrefs
commission_payouts,3,18,SURVIVED,3,
mlm_profiles,14,67,SURVIVED,14,
mlm_levels,10,9,SURVIVED,10,
network_tree,9,45,SURVIVED,9,
mlm_network_tree,8,28,SURVIVED,8,
mlm_associates,7,19,SURVIVED,7,
referrals,6,4,SURVIVED,6,survived-lowrefs
points_rules,5980,3,SURVIVED,210,survived-lowrefs
rewards_catalog,5361,12,SURVIVED,5766,
reward_redemptions,3,6,SURVIVED,0,
loyalty_points,1,11,SURVIVED,1,
notifications,52,68,SURVIVED,71,
notification_queue,12,6,SURVIVED,12,
whatsapp_templates,4,9,SURVIVED,4,
email_queue,3,19,SURVIVED,3,
notifications_unified,3,33,SURVIVED,3,
sms_queue,3,8,SURVIVED,3,
whatsapp_messages,3,16,SURVIVED,3,
ai_knowledge_base,31,11,SURVIVED,31,
ai_conversations,27,10,SURVIVED,27,
ai_agents,7,9,SURVIVED,7,
ai_call_extracted_leads,3,16,SURVIVED,3,
ai_call_sessions,3,32,SURVIVED,3,
ai_calling_agents,3,32,SURVIVED,3,
ai_calling_schedule,3,42,SURVIVED,3,
chat_messages,3,9,SURVIVED,3,
ai_chatbot_interactions,1,9,SURVIVED,1,
ai_settings,1,10,SURVIVED,1,
call_logs,1,11,SURVIVED,1,
departments,8,17,SURVIVED,8,
team_members,8,8,SURVIVED,8,
job_applications,3,32,SURVIVED,3,
team,3,16,SURVIVED,3,
employee_attendance,10,19,SURVIVED,10,
employee_leave_balances,7,5,SURVIVED,7,
leave_types,7,13,SURVIVED,7,
shift_types,5,30,SURVIVED,5,
employee_leaves,3,19,SURVIVED,3,
employee_payroll,3,10,SURVIVED,3,
employee_salary_structure,3,14,SURVIVED,4,
employee_shifts,3,28,SURVIVED,3,
payroll_runs,3,6,SURVIVED,3,
salary_tracker,2,11,SURVIVED,2,
ad_slots,3,9,SURVIVED,3,
campaigns,3,22,SURVIVED,3,
marketing_leads,3,22,SURVIVED,3,
newsletter_subscribers,10,5,SURVIVED,10,
testimonials,10,14,SURVIVED,10,
faqs,6,8,SURVIVED,6,
blog_posts,5,7,SURVIVED,5,
news,5,25,SURVIVED,5,
performance_reviews,3,7,SURVIVED,3,
legal_pages,2,8,SURVIVED,2,
document_gallery,8,4,SURVIVED,8,survived-lowrefs
gallery,5,7,SURVIVED,5,
media,3,57,SURVIVED,3,
media_library,1,33,SURVIVED,1,
support_tickets,6,22,SURVIVED,6,
districts,63,76,SURVIVED,63,
states,16,79,SURVIVED,16,
real_estate_properties,5,7,SURVIVED,5,
projects,2,63,SURVIVED,2,
farmers,9,30,SURVIVED,9,
farmer_agreements,3,15,SURVIVED,3,
farmer_loans,3,16,SURVIVED,3,
land_acquisitions,3,18,SURVIVED,3,
land_purchases,3,6,SURVIVED,3,
land_records,3,21,SURVIVED,3,
farmer_land_holdings,2,26,SURVIVED,2,
farmer_profiles,2,25,SURVIVED,2,
audit_log,28,17,SURVIVED,28,
price_history,6,4,SURVIVED,6,survived-lowrefs
security_logs,4,8,SURVIVED,4,
security_events,3,16,SURVIVED,3,
activity_logs_unified,2,43,SURVIVED,2,
user_activity,2,12,SURVIVED,2,
event_log,1,21,SURVIVED,1,
system_logs,1,19,SURVIVED,1,
task_execution_logs,1,9,SURVIVED,1,
kpis,6,5,SURVIVED,6,
performance_metrics,6,12,SURVIVED,6,
employee_kpis,3,7,SURVIVED,3,
analytics_events,1,11,SURVIVED,1,
site_settings,45,22,SURVIVED,45,
settings,10,5,SURVIVED,10,
api_keys,11,22,SURVIVED,11,
password_reset_tokens,2,9,SURVIVED,2,
admin_role_menu_permissions,654,5,SURVIVED,654,
user_roles,5,16,SURVIVED,5,
admin_menu_items,182,5,SURVIVED,182,
document_types,10,9,SURVIVED,10,
generated_documents,7,8,SURVIVED,7,
document_categories,6,16,SURVIVED,6,
documents,6,14,SURVIVED,24,
legal_documents,6,7,SURVIVED,6,
document_templates,3,6,SURVIVED,3,
ocr_documents,3,5,SURVIVED,3,
workflow_steps,8595,5,SURVIVED,8730,
scheduled_tasks,3944,15,SURVIVED,4304,
tasks,5,41,SURVIVED,5,
workflow_definitions,3,4,SURVIVED,3,survived-lowrefs
workflow_instances,3,8,SURVIVED,3,
task_dependencies,2,4,SURVIVED,0,survived-lowrefs
async_tasks,1,31,SURVIVED,1,
workflows,1,0,SURVIVED,1,survived-0refs
badges,6,9,SURVIVED,6,
user_badges,1,13,SURVIVED,1,
training_courses,4,20,SURVIVED,4,
training_enrollments,3,14,SURVIVED,3,
user_course_enrollments,1,13,SURVIVED,1,
careers,11,14,SURVIVED,11,
saved_reports,3,3,SURVIVED,0,survived-lowrefs
cities,1120,13,SURVIVED,1120,
activities,300,4,SURVIVED,300,survived-lowrefs
properties,72,531,SURVIVED,72,
translations,20,14,SURVIVED,20,
chatbot_conversations,17,17,SURVIVED,17,
opportunities,10,23,SURVIVED,10,
tier_benefits,10,3,SURVIVED,10,survived-lowrefs
email_templates,8,14,SURVIVED,8,
inquiries,8,36,SURVIVED,8,
roles,7,11,SURVIVED,7,
conversation_participants,6,23,SURVIVED,6,
customer_favorites,6,11,SURVIVED,6,
sites,6,54,SURVIVED,6,
jobs,5,9,SURVIVED,5,
journal_entry_lines,5,11,SURVIVED,5,
service_interests,5,12,SURVIVED,5,
colonies,4,87,SURVIVED,4,
conversations,3,12,SURVIVED,3,
countries,3,2,SURVIVED,3,survived-lowrefs
favorites,3,22,SURVIVED,3,
income_records,3,11,SURVIVED,3,
journal_entries,3,12,SURVIVED,3,
messages,3,19,SURVIVED,3,
packages,3,8,SURVIVED,3,
sales,3,54,SURVIVED,3,
saved_searches,3,5,SURVIVED,3,
system_backups,3,6,SURVIVED,0,
vendors,3,10,SURVIVED,3,
admin,2,52,SURVIVED,2,
otp_verifications,2,13,SURVIVED,2,
blocked_ips,1,15,SURVIVED,1,
files,1,21,SURVIVED,1,
khatabook_sales,1,10,SURVIVED,1,
virtual_tours,1,14,SURVIVED,1,
